515.901,473.646,491.477,380.382,638.831,Average: 503.56333333333333,Cutoff: 2 Mode: wildfire Landscape: mixed Size: 40
488.089,451.694,409.02,351.126,384.339,Average: 381.495,Cutoff: 4 Mode: wildfire Landscape: mixed Size: 40
325.313,403.686,431.582,367.821,454.927,Average: 418.11,Cutoff: 5 Mode: wildfire Landscape: mixed Size: 40
464.806,434.996,395.73,500.527,420.192,Average: 438.8163333333333,Cutoff: 10 Mode: wildfire Landscape: mixed Size: 40
515.196,426.299,407.573,422.869,472.283,Average: 434.2416666666667,Cutoff: 20 Mode: wildfire Landscape: mixed Size: 40
316.426,211.137,249.791,328.603,246.781,Average: 275.05833333333334,Cutoff: 2 Mode: diffusion Landscape: mixed Size: 40
264.998,200.845,266.353,269.08,260.821,Average: 265.418,Cutoff: 4 Mode: diffusion Landscape: mixed Size: 40
241.503,260.34,249.393,211.852,238.499,Average: 233.248,Cutoff: 5 Mode: diffusion Landscape: mixed Size: 40
216.847,239.565,234.432,235.382,203.577,Average: 224.46366666666665,Cutoff: 10 Mode: diffusion Landscape: mixed Size: 40
254.82,322.244,266.149,194.794,316.282,Average: 259.075,Cutoff: 20 Mode: diffusion Landscape: mixed Size: 40
355.076,462.659,417.672,588.347,481.778,Average: 495.93233333333336,Cutoff: 2 Mode: wildfire Landscape: grass Size: 40
454.274,423.384,422.098,464.385,426.564,Average: 437.68233333333336,Cutoff: 4 Mode: wildfire Landscape: grass Size: 40
387.748,390.679,323.328,433.568,376.734,Average: 377.87666666666667,Cutoff: 5 Mode: wildfire Landscape: grass Size: 40
407.776,550.937,389.494,303.733,373.656,Average: 355.6276666666667,Cutoff: 10 Mode: wildfire Landscape: grass Size: 40
378.784,382.665,371.311,403.202,363.691,Average: 379.4013333333333,Cutoff: 20 Mode: wildfire Landscape: grass Size: 40
224.422,255.055,247.119,289.173,343.61,Average: 293.30066666666664,Cutoff: 2 Mode: diffusion Landscape: grass Size: 40
209.606,241.423,208.15,278.318,277.397,Average: 254.62166666666667,Cutoff: 4 Mode: diffusion Landscape: grass Size: 40
219.33,182.378,234.579,288.851,232.281,Average: 251.90366666666668,Cutoff: 5 Mode: diffusion Landscape: grass Size: 40
210.085,194.259,220.833,244.25,178.711,Average: 214.598,Cutoff: 10 Mode: diffusion Landscape: grass Size: 40
247.698,239.687,243.716,197.61,221.237,Average: 220.85433333333333,Cutoff: 20 Mode: diffusion Landscape: grass Size: 40
785.798,710.638,739.471,739.608,982.443,Average: 820.5073333333333,Cutoff: 2 Mode: wildfire Landscape: mixed Size: 80
754.808,779.023,812.409,706.089,736.441,Average: 751.6463333333334,Cutoff: 4 Mode: wildfire Landscape: mixed Size: 80
796.741,762.385,876.723,782.79,745.771,Average: 801.7613333333333,Cutoff: 5 Mode: wildfire Landscape: mixed Size: 80
747.274,743.624,757.806,715.902,821.931,Average: 765.2130000000001,Cutoff: 10 Mode: wildfire Landscape: mixed Size: 80
884.137,938.51,735.147,854.232,812.597,Average: 800.6586666666667,Cutoff: 20 Mode: wildfire Landscape: mixed Size: 80
407.133,496.871,426.43,487.037,546.128,Average: 486.5316666666667,Cutoff: 2 Mode: diffusion Landscape: mixed Size: 80
492.024,522.702,459.695,348.154,361.626,Average: 389.825,Cutoff: 4 Mode: diffusion Landscape: mixed Size: 80
531.471,602.424,447.048,441.079,462.791,Average: 450.306,Cutoff: 5 Mode: diffusion Landscape: mixed Size: 80
667.406,538.707,507.85,610.345,543.189,Average: 553.7946666666667,Cutoff: 10 Mode: diffusion Landscape: mixed Size: 80
480.51,502.086,562.26,531.852,484.696,Average: 526.2693333333333,Cutoff: 20 Mode: diffusion Landscape: mixed Size: 80
1243.393,1424.668,1280.385,989.743,1526.937,Average: 1265.6883333333333,Cutoff: 2 Mode: wildfire Landscape: grass Size: 80
1039.508,1289.102,1234.17,1507.787,1056.52,Average: 1266.159,Cutoff: 4 Mode: wildfire Landscape: grass Size: 80
997.85,823.79,922.007,1108.465,1014.123,Average: 1014.865,Cutoff: 5 Mode: wildfire Landscape: grass Size: 80
900.133,1205.765,1306.036,1015.181,953.221,Average: 1091.4793333333334,Cutoff: 10 Mode: wildfire Landscape: grass Size: 80
884.991,849.712,991.591,860.219,1260.692,Average: 1037.5006666666668,Cutoff: 20 Mode: wildfire Landscape: grass Size: 80
516.175,369.778,454.689,462.794,567.582,Average: 495.02166666666665,Cutoff: 2 Mode: diffusion Landscape: grass Size: 80
626.351,440.451,516.823,393.144,473.997,Average: 461.3213333333333,Cutoff: 4 Mode: diffusion Landscape: grass Size: 80
365.054,644.869,483.17,463.839,591.672,Average: 512.8936666666667,Cutoff: 5 Mode: diffusion Landscape: grass Size: 80
570.058,520.245,407.765,460.317,631.138,Average: 499.74,Cutoff: 10 Mode: diffusion Landscape: grass Size: 80
580.375,520.677,561.168,373.328,481.152,Average: 471.88266666666664,Cutoff: 20 Mode: diffusion Landscape: grass Size: 80
1641.583,1925.522,1830.872,1660.532,1958.107,Average: 1816.5036666666667,Cutoff: 2 Mode: wildfire Landscape: mixed Size: 120
1709.972,2043.35,2514.143,2400.194,2155.289,Average: 2356.542,Cutoff: 4 Mode: wildfire Landscape: mixed Size: 120
2469.364,2692.239,2687.988,1909.551,2028.416,Average: 2208.6516666666666,Cutoff: 5 Mode: wildfire Landscape: mixed Size: 120
1891.279,2073.105,1898.965,2036.814,2225.861,Average: 2053.88,Cutoff: 10 Mode: wildfire Landscape: mixed Size: 120
1757.023,1850.509,2165.766,2244.354,2096.33,Average: 2168.8166666666666,Cutoff: 20 Mode: wildfire Landscape: mixed Size: 120
1108.983,714.992,704.267,815.64,570.447,Average: 696.7846666666667,Cutoff: 2 Mode: diffusion Landscape: mixed Size: 120
607.22,1029.083,629.563,605.213,782.468,Average: 672.4146666666667,Cutoff: 4 Mode: diffusion Landscape: mixed Size: 120
611.133,850.232,706.435,570.128,571.643,Average: 616.0686666666667,Cutoff: 5 Mode: diffusion Landscape: mixed Size: 120
619.393,538.055,650.838,644.773,582.989,Average: 626.2,Cutoff: 10 Mode: diffusion Landscape: mixed Size: 120
655.716,506.015,612.159,694.755,534.025,Average: 613.6463333333334,Cutoff: 20 Mode: diffusion Landscape: mixed Size: 120
1944.775,2482.767,1774.681,1973.727,2008.675,Average: 1919.0276666666666,Cutoff: 2 Mode: wildfire Landscape: grass Size: 120
2007.324,2029.371,2026.224,1772.36,1763.489,Average: 1854.0243333333333,Cutoff: 4 Mode: wildfire Landscape: grass Size: 120
1808.765,1809.014,2265.005,2112.319,1654.391,Average: 2010.5716666666667,Cutoff: 5 Mode: wildfire Landscape: grass Size: 120
1535.548,1773.103,1778.972,1714.677,1621.352,Average: 1705.0003333333334,Cutoff: 10 Mode: wildfire Landscape: grass Size: 120
1504.861,1592.911,1502.903,1750.525,1480.455,Average: 1577.961,Cutoff: 20 Mode: wildfire Landscape: grass Size: 120
385.339,593.995,434.241,522.102,471.319,Average: 475.88733333333334,Cutoff: 2 Mode: diffusion Landscape: grass Size: 120
512.618,443.712,562.052,507.368,487.338,Average: 518.9193333333334,Cutoff: 4 Mode: diffusion Landscape: grass Size: 120
657.371,597.877,564.894,608.333,466.916,Average: 546.7143333333333,Cutoff: 5 Mode: diffusion Landscape: grass Size: 120
458.562,553.576,525.931,522.671,614.935,Average: 554.5123333333333,Cutoff: 10 Mode: diffusion Landscape: grass Size: 120
508.761,466.248,532.482,627.688,484.01,Average: 548.06,Cutoff: 20 Mode: diffusion Landscape: grass Size: 120
2970.803,2915.17,2747.128,2966.328,3015.078,Average: 2909.5113333333334,Cutoff: 2 Mode: wildfire Landscape: mixed Size: 160
2574.025,2464.464,2628.68,2745.693,3092.213,Average: 2822.1953333333336,Cutoff: 4 Mode: wildfire Landscape: mixed Size: 160
2764.223,2358.785,2376.303,2490.831,2462.973,Average: 2443.369,Cutoff: 5 Mode: wildfire Landscape: mixed Size: 160
2296.922,2875.159,2863.386,2608.782,2831.499,Average: 2767.889,Cutoff: 10 Mode: wildfire Landscape: mixed Size: 160
2712.505,2232.813,2162.832,2525.813,2511.903,Average: 2400.1826666666666,Cutoff: 20 Mode: wildfire Landscape: mixed Size: 160
815.053,995.386,1063.501,846.303,932.547,Average: 947.4503333333333,Cutoff: 2 Mode: diffusion Landscape: mixed Size: 160
820.232,884.423,1176.145,789.364,845.934,Average: 937.1476666666666,Cutoff: 4 Mode: diffusion Landscape: mixed Size: 160
994.14,762.818,792.06,835.494,910.334,Average: 845.9626666666667,Cutoff: 5 Mode: diffusion Landscape: mixed Size: 160
792.956,759.852,833.925,644.109,700.125,Average: 726.053,Cutoff: 10 Mode: diffusion Landscape: mixed Size: 160
631.699,793.778,636.16,776.853,702.259,Average: 705.0906666666666,Cutoff: 20 Mode: diffusion Landscape: mixed Size: 160
4038.761,4145.396,3725.578,4128.475,4699.183,Average: 4184.412,Cutoff: 2 Mode: wildfire Landscape: grass Size: 160
4932.273,4600.587,4275.831,3857.874,4448.433,Average: 4194.046,Cutoff: 4 Mode: wildfire Landscape: grass Size: 160
4667.272,4363.417,4833.083,4428.01,4288.208,Average: 4516.433666666667,Cutoff: 5 Mode: wildfire Landscape: grass Size: 160
4256.983,3692.835,3174.773,3273.789,3449.326,Average: 3299.2960000000003,Cutoff: 10 Mode: wildfire Landscape: grass Size: 160
3666.246,3081.498,3750.835,3462.368,3642.956,Average: 3618.719666666667,Cutoff: 20 Mode: wildfire Landscape: grass Size: 160
874.764,841.228,816.435,808.815,909.767,Average: 845.0056666666667,Cutoff: 2 Mode: diffusion Landscape: grass Size: 160
795.51,824.288,864.997,884.855,844.403,Average: 864.7516666666667,Cutoff: 4 Mode: diffusion Landscape: grass Size: 160
1080.925,832.409,1033.665,804.727,675.708,Average: 838.0333333333333,Cutoff: 5 Mode: diffusion Landscape: grass Size: 160
730.617,759.3,806.849,702.103,836.517,Average: 781.823,Cutoff: 10 Mode: diffusion Landscape: grass Size: 160
703.145,511.402,718.597,712.327,724.929,Average: 718.6176666666667,Cutoff: 20 Mode: diffusion Landscape: grass Size: 160
4596.145,4677.197,4443.7,4607.921,4878.567,Average: 4643.396,Cutoff: 2 Mode: wildfire Landscape: mixed Size: 200
4601.523,4436.92,5091.915,5267.719,5164.693,Average: 5174.775666666666,Cutoff: 4 Mode: wildfire Landscape: mixed Size: 200
5093.782,4293.219,5321.306,4598.525,5248.982,Average: 5056.271,Cutoff: 5 Mode: wildfire Landscape: mixed Size: 200
4383.024,4290.501,4727.8,5127.479,4381.108,Average: 4745.462333333334,Cutoff: 10 Mode: wildfire Landscape: mixed Size: 200
4010.041,4103.327,4164.543,4640.349,5097.531,Average: 4634.141,Cutoff: 20 Mode: wildfire Landscape: mixed Size: 200
924.783,1066.234,911.237,993.109,1019.829,Average: 974.725,Cutoff: 2 Mode: diffusion Landscape: mixed Size: 200
903.283,896.765,812.841,834.781,772.239,Average: 806.6203333333333,Cutoff: 4 Mode: diffusion Landscape: mixed Size: 200
739.866,744.196,757.413,729.405,796.86,Average: 761.226,Cutoff: 5 Mode: diffusion Landscape: mixed Size: 200
772.675,682.663,701.165,770.292,655.027,Average: 708.828,Cutoff: 10 Mode: diffusion Landscape: mixed Size: 200
773.899,668.942,671.814,658.689,680.828,Average: 670.4436666666667,Cutoff: 20 Mode: diffusion Landscape: mixed Size: 200
6320.233,6245.26,6410.355,6604.768,6411.53,Average: 6475.5509999999995,Cutoff: 2 Mode: wildfire Landscape: grass Size: 200
6711.909,6285.858,5897.096,6081.587,5882.459,Average: 5953.714,Cutoff: 4 Mode: wildfire Landscape: grass Size: 200
5876.635,6083.954,6717.81,5860.902,6358.251,Average: 6312.321,Cutoff: 5 Mode: wildfire Landscape: grass Size: 200
6499.453,6354.358,5914.546,6427.567,6201.92,Average: 6181.344333333333,Cutoff: 10 Mode: wildfire Landscape: grass Size: 200
5957.56,6001.716,5962.208,5664.453,5906.52,Average: 5844.393666666667,Cutoff: 20 Mode: wildfire Landscape: grass Size: 200
736.7,810.609,784.39,732.181,837.81,Average: 784.7936666666667,Cutoff: 2 Mode: diffusion Landscape: grass Size: 200
761.306,768.311,893.109,938.903,876.39,Average: 902.8006666666666,Cutoff: 4 Mode: diffusion Landscape: grass Size: 200
694.639,895.563,854.903,817.048,811.211,Average: 827.7206666666667,Cutoff: 5 Mode: diffusion Landscape: grass Size: 200
899.516,699.023,710.615,783.352,792.027,Average: 761.998,Cutoff: 10 Mode: diffusion Landscape: grass Size: 200
672.217,796.594,690.306,727.776,815.695,Average: 744.5923333333334,Cutoff: 20 Mode: diffusion Landscape: grass Size: 200
6674.806,6391.241,6286.725,5941.057,6080.08,Average: 6102.620666666667,Cutoff: 2 Mode: wildfire Landscape: mixed Size: 240
5791.576,6068.891,5880.588,6053.24,5754.715,Average: 5896.181,Cutoff: 4 Mode: wildfire Landscape: mixed Size: 240
5985.277,5741.659,5965.408,6280.615,5767.022,Average: 6004.348333333333,Cutoff: 5 Mode: wildfire Landscape: mixed Size: 240
5607.706,5611.954,5974.552,5661.652,6442.948,Average: 6026.384,Cutoff: 10 Mode: wildfire Landscape: mixed Size: 240
5596.105,5299.596,5180.496,5669.688,5534.242,Average: 5461.475333333334,Cutoff: 20 Mode: wildfire Landscape: mixed Size: 240
1225.852,829.665,1040.068,837.6,1008.51,Average: 962.0593333333334,Cutoff: 2 Mode: diffusion Landscape: mixed Size: 240
1083.736,923.749,839.71,841.613,832.894,Average: 838.0723333333334,Cutoff: 4 Mode: diffusion Landscape: mixed Size: 240
906.286,962.628,856.005,954.156,942.094,Average: 917.4183333333333,Cutoff: 5 Mode: diffusion Landscape: mixed Size: 240
971.615,925.43,937.998,833.267,1011.811,Average: 927.692,Cutoff: 10 Mode: diffusion Landscape: mixed Size: 240
966.093,852.76,843.094,919.565,814.285,Average: 858.9813333333334,Cutoff: 20 Mode: diffusion Landscape: mixed Size: 240
10196.414,10018.432,9946.052,9994.198,10180.43,Average: 10040.226666666667,Cutoff: 2 Mode: wildfire Landscape: grass Size: 240
9959.413,10260.652,10366.971,9874.805,10200.629,Average: 10147.468333333334,Cutoff: 4 Mode: wildfire Landscape: grass Size: 240
10093.8,9901.046,9818.432,9930.102,10456.412,Average: 10068.315333333334,Cutoff: 5 Mode: wildfire Landscape: grass Size: 240
9546.851,9428.594,9384.055,9308.439,9101.979,Average: 9264.824333333334,Cutoff: 10 Mode: wildfire Landscape: grass Size: 240
8943.283,8682.503,8897.287,9971.387,9925.177,Average: 9597.950333333334,Cutoff: 20 Mode: wildfire Landscape: grass Size: 240
920.402,1017.87,1179.105,1006.379,1233.656,Average: 1139.7133333333334,Cutoff: 2 Mode: diffusion Landscape: grass Size: 240
959.359,1099.105,1072.804,1026.287,960.304,Average: 1019.7983333333334,Cutoff: 4 Mode: diffusion Landscape: grass Size: 240
843.982,949.76,954.067,878.585,853.145,Average: 895.2656666666667,Cutoff: 5 Mode: diffusion Landscape: grass Size: 240
994.77,763.044,918.488,734.525,1049.451,Average: 900.8213333333333,Cutoff: 10 Mode: diffusion Landscape: grass Size: 240
824.362,974.758,1019.088,839.914,896.328,Average: 918.4433333333333,Cutoff: 20 Mode: diffusion Landscape: grass Size: 240
8289.371,8139.956,8154.387,8606.336,8165.467,Average: 8308.73,Cutoff: 2 Mode: wildfire Landscape: mixed Size: 280
7484.489,7743.121,8166.365,8760.365,8500.144,Average: 8475.624666666667,Cutoff: 4 Mode: wildfire Landscape: mixed Size: 280
8026.516,7396.93,8208.599,7712.521,7643.357,Average: 7854.825666666667,Cutoff: 5 Mode: wildfire Landscape: mixed Size: 280
8169.817,7792.909,7892.926,7899.626,7484.241,Average: 7758.9310000000005,Cutoff: 10 Mode: wildfire Landscape: mixed Size: 280
7339.224,7632.357,7794.932,7401.266,7895.62,Average: 7697.272666666667,Cutoff: 20 Mode: wildfire Landscape: mixed Size: 280
1306.613,1205.428,1246.213,1183.76,1300.217,Average: 1243.3966666666668,Cutoff: 2 Mode: diffusion Landscape: mixed Size: 280
1287.679,1238.75,1261.641,1262.918,1385.547,Average: 1303.3686666666667,Cutoff: 4 Mode: diffusion Landscape: mixed Size: 280
1289.579,1138.674,1267.488,1107.458,1193.78,Average: 1189.5753333333334,Cutoff: 5 Mode: diffusion Landscape: mixed Size: 280
1126.468,1093.459,1139.616,1189.516,1162.441,Average: 1163.8576666666668,Cutoff: 10 Mode: diffusion Landscape: mixed Size: 280
951.109,962.661,1092.172,1138.641,1024.065,Average: 1084.9593333333335,Cutoff: 20 Mode: diffusion Landscape: mixed Size: 280
15420.775,14918.227,13576.906,14832.243,14254.969,Average: 14221.372666666666,Cutoff: 2 Mode: wildfire Landscape: grass Size: 280
14689.259,14673.254,14203.546,14323.685,14782.261,Average: 14436.497333333333,Cutoff: 4 Mode: wildfire Landscape: grass Size: 280
14317.782,14232.655,15033.377,14404.342,14266.585,Average: 14568.101333333334,Cutoff: 5 Mode: wildfire Landscape: grass Size: 280
13765.708,14488.819,14789.986,14483.81,14836.908,Average: 14703.568,Cutoff: 10 Mode: wildfire Landscape: grass Size: 280
13670.236,13146.745,13715.055,14209.062,13261.236,Average: 13728.451000000001,Cutoff: 20 Mode: wildfire Landscape: grass Size: 280
1369.857,1487.131,1252.074,1312.144,1378.268,Average: 1314.162,Cutoff: 2 Mode: diffusion Landscape: grass Size: 280
1108.668,1228.897,1448.569,1466.174,1196.514,Average: 1370.4189999999999,Cutoff: 4 Mode: diffusion Landscape: grass Size: 280
1302.338,1234.662,1410.84,1275.358,1283.518,Average: 1323.2386666666666,Cutoff: 5 Mode: diffusion Landscape: grass Size: 280
992.701,1045.404,1135.095,1194.526,981.565,Average: 1103.7286666666666,Cutoff: 10 Mode: diffusion Landscape: grass Size: 280
1079.563,1020.913,1171.613,933.194,1015.931,Average: 1040.246,Cutoff: 20 Mode: diffusion Landscape: grass Size: 280
11820.43,12436.592,11705.287,12065.183,11800.61,Average: 11857.026666666667,Cutoff: 2 Mode: wildfire Landscape: mixed Size: 320
10994.239,11412.57,10788.771,10088.563,10745.062,Average: 10540.798666666667,Cutoff: 4 Mode: wildfire Landscape: mixed Size: 320
11407.746,9975.087,9757.21,10119.941,9941.228,Average: 9939.459666666666,Cutoff: 5 Mode: wildfire Landscape: mixed Size: 320
10405.753,9628.177,9140.066,8931.041,9525.186,Average: 9198.764333333333,Cutoff: 10 Mode: wildfire Landscape: mixed Size: 320
8990.343,10929.777,10453.685,9862.174,10105.184,Average: 10140.347666666667,Cutoff: 20 Mode: wildfire Landscape: mixed Size: 320
1608.122,1828.857,2050.588,1911.506,1762.233,Average: 1908.1090000000002,Cutoff: 2 Mode: diffusion Landscape: mixed Size: 320
1472.632,1647.925,1635.911,1701.326,1524.995,Average: 1620.744,Cutoff: 4 Mode: diffusion Landscape: mixed Size: 320
1820.833,1485.958,1819.617,1567.556,1634.397,Average: 1673.8566666666666,Cutoff: 5 Mode: diffusion Landscape: mixed Size: 320
2023.407,1537.449,1441.096,1766.387,1675.83,Average: 1627.771,Cutoff: 10 Mode: diffusion Landscape: mixed Size: 320
1494.079,1560.711,1487.341,1642.386,1344.615,Average: 1491.4473333333333,Cutoff: 20 Mode: diffusion Landscape: mixed Size: 320
22498.699,23649.849,23031.403,22000.667,22603.885,Average: 22545.318333333333,Cutoff: 2 Mode: wildfire Landscape: grass Size: 320
23088.834,21099.787,22071.027,22597.444,22614.875,Average: 22427.782,Cutoff: 4 Mode: wildfire Landscape: grass Size: 320
21189.672,22216.966,22911.921,20116.972,21403.303,Average: 21477.398666666668,Cutoff: 5 Mode: wildfire Landscape: grass Size: 320
19396.53,19488.146,20156.702,20122.581,20008.823,Average: 20096.035333333333,Cutoff: 10 Mode: wildfire Landscape: grass Size: 320
19804.379,19265.126,19738.601,18890.155,19101.289,Average: 19243.34833333333,Cutoff: 20 Mode: wildfire Landscape: grass Size: 320
1181.324,1324.185,1496.276,1288.548,1536.575,Average: 1440.4663333333333,Cutoff: 2 Mode: diffusion Landscape: grass Size: 320
1244.836,1613.794,1407.493,1370.475,1371.407,Average: 1383.125,Cutoff: 4 Mode: diffusion Landscape: grass Size: 320
1314.684,1160.316,1192.224,1569.599,1297.925,Average: 1353.2493333333332,Cutoff: 5 Mode: diffusion Landscape: grass Size: 320
1263.032,1123.674,1299.808,1391.489,1410.05,Average: 1367.1156666666666,Cutoff: 10 Mode: diffusion Landscape: grass Size: 320
1291.477,1223.378,1311.574,1103.447,1190.1,Average: 1201.7069999999999,Cutoff: 20 Mode: diffusion Landscape: grass Size: 320
18323.332,17296.769,17592.45,16178.156,16082.976,Average: 16617.860666666667,Cutoff: 2 Mode: wildfire Landscape: mixed Size: 360
17667.632,17959.005,19722.286,17925.345,16875.496,Average: 18174.375666666667,Cutoff: 4 Mode: wildfire Landscape: mixed Size: 360
20404.103,19075.779,17158.061,19150.829,20508.238,Average: 18939.042666666668,Cutoff: 5 Mode: wildfire Landscape: mixed Size: 360
16745.954,17425.177,19539.257,18307.018,17634.885,Average: 18493.72,Cutoff: 10 Mode: wildfire Landscape: mixed Size: 360
17267.643,18254.527,16261.996,19179.578,22106.774,Average: 19182.782666666666,Cutoff: 20 Mode: wildfire Landscape: mixed Size: 360
2106.457,2024.836,1921.837,1518.695,1826.443,Average: 1755.6583333333333,Cutoff: 2 Mode: diffusion Landscape: mixed Size: 360
2088.351,1810.521,1549.981,1903.89,1579.315,Average: 1677.7286666666666,Cutoff: 4 Mode: diffusion Landscape: mixed Size: 360
1768.127,1751.234,1824.469,1873.498,2037.327,Average: 1911.7646666666667,Cutoff: 5 Mode: diffusion Landscape: mixed Size: 360
1853.681,1593.298,1827.468,1486.164,1767.767,Average: 1693.7996666666668,Cutoff: 10 Mode: diffusion Landscape: mixed Size: 360
1993.227,1776.479,1830.058,1738.817,1666.527,Average: 1745.134,Cutoff: 20 Mode: diffusion Landscape: mixed Size: 360
33347.325,33597.698,34052.604,32902.86,33841.031,Average: 33598.831666666665,Cutoff: 2 Mode: wildfire Landscape: grass Size: 360
33187.895,31902.062,32466.101,31893.55,31885.088,Average: 32081.579666666665,Cutoff: 4 Mode: wildfire Landscape: grass Size: 360
32763.714,31730.811,32408.277,32308.557,34020.377,Average: 32912.403666666665,Cutoff: 5 Mode: wildfire Landscape: grass Size: 360
31461.42,30207.167,29297.435,27722.641,27621.996,Average: 28214.024,Cutoff: 10 Mode: wildfire Landscape: grass Size: 360
26465.826,27195.38,27269.253,28404.243,29983.331,Average: 28552.275666666665,Cutoff: 20 Mode: wildfire Landscape: grass Size: 360
1711.526,2445.568,2081.331,2491.704,2016.571,Average: 2196.5353333333333,Cutoff: 2 Mode: diffusion Landscape: grass Size: 360
2369.326,2199.401,2838.287,2565.145,3026.654,Average: 2810.0286666666666,Cutoff: 4 Mode: diffusion Landscape: grass Size: 360
2906.621,2728.715,2860.235,3001.286,3223.19,Average: 3028.237,Cutoff: 5 Mode: diffusion Landscape: grass Size: 360
2984.414,2625.322,2767.823,2193.208,2742.986,Average: 2568.0056666666665,Cutoff: 10 Mode: diffusion Landscape: grass Size: 360
2413.06,2719.383,2551.416,1933.799,2425.021,Average: 2303.4120000000003,Cutoff: 20 Mode: diffusion Landscape: grass Size: 360
27380.448,32534.88,29052.718,31269.123,28862.688,Average: 29728.176333333333,Cutoff: 2 Mode: wildfire Landscape: mixed Size: 400
35866.733,30666.896,29211.741,30162.76,31937.968,Average: 30437.48966666667,Cutoff: 4 Mode: wildfire Landscape: mixed Size: 400
31200.571,31752.436,28757.905,27459.649,29569.285,Average: 28595.613,Cutoff: 5 Mode: wildfire Landscape: mixed Size: 400
28025.266,28000.849,26573.898,26102.525,24231.668,Average: 25636.030333333336,Cutoff: 10 Mode: wildfire Landscape: mixed Size: 400
22422.581,22459.905,20762.516,20767.287,20553.395,Average: 20694.399333333335,Cutoff: 20 Mode: wildfire Landscape: mixed Size: 400
2103.829,1883.242,1672.237,1749.841,1589.791,Average: 1670.623,Cutoff: 2 Mode: diffusion Landscape: mixed Size: 400
1939.75,1718.527,2075.609,1737.162,1973.899,Average: 1928.8899999999999,Cutoff: 4 Mode: diffusion Landscape: mixed Size: 400
1819.789,1807.636,1997.149,1987.862,1957.373,Average: 1980.7946666666667,Cutoff: 5 Mode: diffusion Landscape: mixed Size: 400
2196.222,2380.084,2451.837,2118.746,2040.691,Average: 2203.758,Cutoff: 10 Mode: diffusion Landscape: mixed Size: 400
2277.327,1986.876,2061.252,2116.874,1744.449,Average: 1974.1916666666666,Cutoff: 20 Mode: diffusion Landscape: mixed Size: 400
41040.446,41596.299,36648.33,38897.1,38806.343,Average: 38117.257666666665,Cutoff: 2 Mode: wildfire Landscape: grass Size: 400
39888.568,38251.713,40167.372,38991.6,40700.5,Average: 39953.157333333336,Cutoff: 4 Mode: wildfire Landscape: grass Size: 400
39649.33,40356.393,39493.021,40003.623,39770.606,Average: 39755.75,Cutoff: 5 Mode: wildfire Landscape: grass Size: 400
39052.481,33971.282,33664.871,35065.536,34063.296,Average: 34264.56766666667,Cutoff: 10 Mode: wildfire Landscape: grass Size: 400
33038.712,37659.117,36898.724,36530.709,36033.479,Average: 36487.63733333333,Cutoff: 20 Mode: wildfire Landscape: grass Size: 400
1814.48,1525.74,1767.4,1554.564,1614.556,Average: 1645.5066666666667,Cutoff: 2 Mode: diffusion Landscape: grass Size: 400
1590.16,1545.801,1616.645,1549.078,1685.511,Average: 1617.078,Cutoff: 4 Mode: diffusion Landscape: grass Size: 400
1645.863,1479.856,1554.156,1530.139,1495.7,Average: 1526.665,Cutoff: 5 Mode: diffusion Landscape: grass Size: 400
1452.507,1399.425,1439.403,1544.144,1633.682,Average: 1539.0763333333334,Cutoff: 10 Mode: diffusion Landscape: grass Size: 400
1295.186,1545.977,1473.719,1518.594,1611.326,Average: 1534.5463333333335,Cutoff: 20 Mode: diffusion Landscape: grass Size: 400
28303.467,28642.582,28720.839,28937.586,26012.85,Average: 27890.425,Cutoff: 2 Mode: wildfire Landscape: mixed Size: 440
27338.39,27340.941,27670.616,29443.83,24839.657,Average: 27318.034333333333,Cutoff: 4 Mode: wildfire Landscape: mixed Size: 440
26215.352,24474.966,24495.743,22955.951,23662.414,Average: 23704.702666666668,Cutoff: 5 Mode: wildfire Landscape: mixed Size: 440
24880.453,22942.562,22636.577,23740.114,23261.415,Average: 23212.702,Cutoff: 10 Mode: wildfire Landscape: mixed Size: 440
22054.97,21210.155,21108.416,21462.508,21181.745,Average: 21250.889666666666,Cutoff: 20 Mode: wildfire Landscape: mixed Size: 440
1735.925,1758.697,1647.382,1812.577,1701.245,Average: 1720.4013333333332,Cutoff: 2 Mode: diffusion Landscape: mixed Size: 440
1669.131,1645.715,1687.164,1744.366,1715.498,Average: 1715.676,Cutoff: 4 Mode: diffusion Landscape: mixed Size: 440
1612.983,1688.941,1655.411,1792.215,1694.247,Average: 1713.9576666666667,Cutoff: 5 Mode: diffusion Landscape: mixed Size: 440
1660.198,1590.77,1642.977,1749.247,1679.15,Average: 1690.458,Cutoff: 10 Mode: diffusion Landscape: mixed Size: 440
1676.609,1994.833,1678.269,1686.269,1713.816,Average: 1692.7846666666667,Cutoff: 20 Mode: diffusion Landscape: mixed Size: 440
47708.617,47101.213,47710.56,49143.72,50529.588,Average: 49127.956,Cutoff: 2 Mode: wildfire Landscape: grass Size: 440
50054.242,52436.585,51530.37,48595.59,47092.118,Average: 49072.69266666667,Cutoff: 4 Mode: wildfire Landscape: grass Size: 440
46347.942,46277.392,42886.891,43196.89,42291.686,Average: 42791.82233333334,Cutoff: 5 Mode: wildfire Landscape: grass Size: 440
43032.432,41126.562,43391.76,42053.076,41705.948,Average: 42383.594666666664,Cutoff: 10 Mode: wildfire Landscape: grass Size: 440
41741.617,41978.325,42366.277,40983.718,41466.364,Average: 41605.453,Cutoff: 20 Mode: wildfire Landscape: grass Size: 440
1732.991,1817.065,1657.35,1670.404,1832.632,Average: 1720.1286666666667,Cutoff: 2 Mode: diffusion Landscape: grass Size: 440
1758.012,1780.284,1762.018,1650.722,1757.324,Average: 1723.3546666666666,Cutoff: 4 Mode: diffusion Landscape: grass Size: 440
1814.978,1694.663,1535.142,1610.421,1890.549,Average: 1678.704,Cutoff: 5 Mode: diffusion Landscape: grass Size: 440
1653.5,1660.362,1663.027,1646.328,1682.28,Average: 1663.8783333333333,Cutoff: 10 Mode: diffusion Landscape: grass Size: 440
1578.935,1592.246,1769.326,1658.024,1682.034,Average: 1703.128,Cutoff: 20 Mode: diffusion Landscape: grass Size: 440
28703.936,30734.883,27233.069,29493.202,28346.863,Average: 28357.711333333333,Cutoff: 2 Mode: wildfire Landscape: mixed Size: 480
27709.79,29142.283,30710.559,31726.701,31889.585,Average: 31442.281666666666,Cutoff: 4 Mode: wildfire Landscape: mixed Size: 480
30122.108,31883.151,28339.329,26276.512,26318.104,Average: 26977.981666666667,Cutoff: 5 Mode: wildfire Landscape: mixed Size: 480
28428.537,25801.523,26122.8,25585.843,27166.984,Average: 26291.875666666667,Cutoff: 10 Mode: wildfire Landscape: mixed Size: 480
25043.034,24892.719,24850.59,25610.345,26635.696,Average: 25698.877,Cutoff: 20 Mode: wildfire Landscape: mixed Size: 480
2409.012,2625.518,2336.457,2286.005,2126.647,Average: 2249.703,Cutoff: 2 Mode: diffusion Landscape: mixed Size: 480
2134.188,2108.749,2079.207,2137.875,2044.701,Average: 2087.261,Cutoff: 4 Mode: diffusion Landscape: mixed Size: 480
2322.952,2038.117,2348.493,2073.69,2065.658,Average: 2162.6136666666666,Cutoff: 5 Mode: diffusion Landscape: mixed Size: 480
1997.795,2071.123,2094.071,2040.304,2081.942,Average: 2072.105666666667,Cutoff: 10 Mode: diffusion Landscape: mixed Size: 480
2043.041,2223.218,1991.134,2128.56,2241.634,Average: 2120.442666666667,Cutoff: 20 Mode: diffusion Landscape: mixed Size: 480
50464.5,51728.784,51891.335,52258.952,51215.36,Average: 51788.549,Cutoff: 2 Mode: wildfire Landscape: grass Size: 480
49812.611,48568.51,50099.014,50958.504,52725.891,Average: 51261.136333333336,Cutoff: 4 Mode: wildfire Landscape: grass Size: 480
55510.245,48215.633,48208.12,43891.549,34585.632,Average: 42228.433666666664,Cutoff: 5 Mode: wildfire Landscape: grass Size: 480
34322.174,35203.405,35653.843,33919.126,35017.508,Average: 34863.492333333335,Cutoff: 10 Mode: wildfire Landscape: grass Size: 480
34873.873,33037.547,33776.505,34738.872,33806.695,Average: 34107.35733333333,Cutoff: 20 Mode: wildfire Landscape: grass Size: 480
1103.667,1190.039,1147.364,1182.757,1185.137,Average: 1171.7526666666668,Cutoff: 2 Mode: diffusion Landscape: grass Size: 480
1118.289,1206.676,1407.306,1124.056,1113.721,Average: 1215.0276666666666,Cutoff: 4 Mode: diffusion Landscape: grass Size: 480
1124.802,1095.195,1139.844,1221.19,1173.332,Average: 1178.122,Cutoff: 5 Mode: diffusion Landscape: grass Size: 480
1140.845,1122.189,1313.65,1187.748,1127.408,Average: 1209.602,Cutoff: 10 Mode: diffusion Landscape: grass Size: 480
1120.477,1122.694,1112.975,1126.062,1170.46,Average: 1136.499,Cutoff: 20 Mode: diffusion Landscape: grass Size: 480
21811.238,23596.442,22234.865,21796.92,21882.274,Average: 21971.353,Cutoff: 2 Mode: wildfire Landscape: mixed Size: 520
22281.987,23051.71,21953.579,21395.948,22371.794,Average: 21907.107,Cutoff: 4 Mode: wildfire Landscape: mixed Size: 520
21328.936,21714.673,20893.356,22164.361,21513.998,Average: 21523.905,Cutoff: 5 Mode: wildfire Landscape: mixed Size: 520
21789.163,20980.884,20850.406,21566.305,21017.957,Average: 21144.889333333333,Cutoff: 10 Mode: wildfire Landscape: mixed Size: 520
20719.176,20774.815,21132.166,20919.669,20453.786,Average: 20835.207000000002,Cutoff: 20 Mode: wildfire Landscape: mixed Size: 520
1514.25,1572.619,1583.948,1638.479,1853.574,Average: 1692.0003333333334,Cutoff: 2 Mode: diffusion Landscape: mixed Size: 520
1681.047,1777.347,1773.385,1668.728,1666.561,Average: 1702.8913333333333,Cutoff: 4 Mode: diffusion Landscape: mixed Size: 520
1718.785,1742.745,1781.56,1777.977,1705.256,Average: 1754.931,Cutoff: 5 Mode: diffusion Landscape: mixed Size: 520
1701.338,1701.162,1751.713,1776.289,1734.093,Average: 1754.0316666666668,Cutoff: 10 Mode: diffusion Landscape: mixed Size: 520
1771.687,1907.131,1792.3,1567.99,1684.512,Average: 1681.6006666666667,Cutoff: 20 Mode: diffusion Landscape: mixed Size: 520
43512.971,43658.969,44530.606,44306.456,50274.788,Average: 46370.61666666667,Cutoff: 2 Mode: wildfire Landscape: grass Size: 520
48794.05,48939.108,54239.597,54746.004,58512.346,Average: 55832.649,Cutoff: 4 Mode: wildfire Landscape: grass Size: 520
57462.329,55329.397,53568.778,67202.468,74342.759,Average: 65038.00166666666,Cutoff: 5 Mode: wildfire Landscape: grass Size: 520
66453.862,63211.767,62707.554,63794.608,65905.791,Average: 64135.984333333334,Cutoff: 10 Mode: wildfire Landscape: grass Size: 520
66409.978,70949.808,58136.404,59941.058,57526.542,Average: 58534.668,Cutoff: 20 Mode: wildfire Landscape: grass Size: 520
1677.175,1643.325,1770.428,1719.07,1704.13,Average: 1731.2093333333335,Cutoff: 2 Mode: diffusion Landscape: grass Size: 520
1656.073,1679.454,1757.428,1721.731,1795.985,Average: 1758.3813333333333,Cutoff: 4 Mode: diffusion Landscape: grass Size: 520
1613.145,1697.367,1744.426,1755.951,1740.468,Average: 1746.9483333333333,Cutoff: 5 Mode: diffusion Landscape: grass Size: 520
1725.137,1652.113,1680.375,1751.45,1693.015,Average: 1708.28,Cutoff: 10 Mode: diffusion Landscape: grass Size: 520
1752.403,1705.834,1725.561,1691.99,1654.424,Average: 1690.6583333333333,Cutoff: 20 Mode: diffusion Landscape: grass Size: 520
37633.08,28712.57,29370.196,29264.359,28685.265,Average: 29106.606666666667,Cutoff: 2 Mode: wildfire Landscape: mixed Size: 560
29784.703,27909.019,28014.215,28201.065,28959.825,Average: 28391.701666666668,Cutoff: 4 Mode: wildfire Landscape: mixed Size: 560
28821.237,28032.758,28625.957,29968.693,28591.499,Average: 29062.049666666666,Cutoff: 5 Mode: wildfire Landscape: mixed Size: 560
28242.129,27589.356,29705.979,27546.251,28347.973,Average: 28533.401,Cutoff: 10 Mode: wildfire Landscape: mixed Size: 560
27842.395,10129.374,9569.732,9501.32,9741.227,Average: 9604.093,Cutoff: 20 Mode: wildfire Landscape: mixed Size: 560
577.023,568.66,554.252,549.997,587.405,Average: 563.8846666666666,Cutoff: 2 Mode: diffusion Landscape: mixed Size: 560
538.566,535.93,526.722,545.97,532.645,Average: 535.1123333333334,Cutoff: 4 Mode: diffusion Landscape: mixed Size: 560
521.64,525.42,538.099,533.424,561.238,Average: 544.2536666666667,Cutoff: 5 Mode: diffusion Landscape: mixed Size: 560
526.976,547.759,532.745,520.59,523.875,Average: 525.7366666666667,Cutoff: 10 Mode: diffusion Landscape: mixed Size: 560
530.839,504.939,512.526,526.912,524.206,Average: 521.2146666666666,Cutoff: 20 Mode: diffusion Landscape: mixed Size: 560
19543.102,19189.78,20199.812,19203.029,18130.014,Average: 19177.618333333332,Cutoff: 2 Mode: wildfire Landscape: grass Size: 560
19017.323,17527.791,17656.25,25135.418,27251.14,Average: 23347.602666666666,Cutoff: 4 Mode: wildfire Landscape: grass Size: 560
63824.816,69385.748,68107.861,69999.098,72484.818,Average: 70197.259,Cutoff: 5 Mode: wildfire Landscape: grass Size: 560
67639.488,68167.968,68532.508,69103.279,67532.837,Average: 68389.54133333333,Cutoff: 10 Mode: wildfire Landscape: grass Size: 560
67078.324,66988.751,66288.186,66165.298,73977.755,Average: 68810.413,Cutoff: 20 Mode: wildfire Landscape: grass Size: 560
2151.847,2240.89,2263.809,2151.612,2258.915,Average: 2224.7786666666666,Cutoff: 2 Mode: diffusion Landscape: grass Size: 560
2103.614,1853.782,1872.203,1805.935,1780.447,Average: 1819.5283333333332,Cutoff: 4 Mode: diffusion Landscape: grass Size: 560
1689.783,1676.436,1876.726,1894.414,1967.845,Average: 1912.9950000000001,Cutoff: 5 Mode: diffusion Landscape: grass Size: 560
1675.23,1910.229,1881.368,1809.302,1219.827,Average: 1636.8323333333333,Cutoff: 10 Mode: diffusion Landscape: grass Size: 560
1750.277,1852.902,1747.341,1905.863,1830.29,Average: 1827.8313333333333,Cutoff: 20 Mode: diffusion Landscape: grass Size: 560
57033.995,46971.571,51940.705,45592.402,45220.79,Average: 47584.632333333335,Cutoff: 2 Mode: wildfire Landscape: mixed Size: 600
42845.058,46647.831,45370.577,42076.476,45048.976,Average: 44165.343,Cutoff: 4 Mode: wildfire Landscape: mixed Size: 600
49724.563,53292.897,49241.539,49061.782,46360.49,Average: 48221.270333333334,Cutoff: 5 Mode: wildfire Landscape: mixed Size: 600
43065.192,43374.211,47394.498,48878.154,47802.554,Average: 48025.068666666666,Cutoff: 10 Mode: wildfire Landscape: mixed Size: 600
48487.355,46263.975,43063.156,44015.389,47499.44,Average: 44859.32833333334,Cutoff: 20 Mode: wildfire Landscape: mixed Size: 600
2446.776,2389.409,2190.195,2207.972,2324.47,Average: 2240.879,Cutoff: 2 Mode: diffusion Landscape: mixed Size: 600
2324.541,2155.413,2335.336,2338.637,2621.489,Average: 2431.8206666666665,Cutoff: 4 Mode: diffusion Landscape: mixed Size: 600
2206.979,2186.287,2281.336,2314.818,2277.656,Average: 2291.27,Cutoff: 5 Mode: diffusion Landscape: mixed Size: 600
2377.978,2298.395,2244.504,2401.717,2175.176,Average: 2273.799,Cutoff: 10 Mode: diffusion Landscape: mixed Size: 600
2275.153,2304.206,2097.163,2105.445,1921.57,Average: 2041.3926666666666,Cutoff: 20 Mode: diffusion Landscape: mixed Size: 600
87518.034,84911.741,91108.67,89955.619,88588.617,Average: 89884.302,Cutoff: 2 Mode: wildfire Landscape: grass Size: 600
93619.692,94229.834,96876.802,90322.423,99722.411,Average: 95640.54533333333,Cutoff: 4 Mode: wildfire Landscape: grass Size: 600
91048.972,93919.462,96241.708,98059.383,94110.762,Average: 96137.28433333333,Cutoff: 5 Mode: wildfire Landscape: grass Size: 600
90059.545,86688.912,88652.264,88574.424,86620.426,Average: 87949.038,Cutoff: 10 Mode: wildfire Landscape: grass Size: 600
87760.487,97783.764,102612.575,99026.692,90391.969,Average: 97343.74533333333,Cutoff: 20 Mode: wildfire Landscape: grass Size: 600
2641.4,2715.872,2491.109,2914.695,2771.189,Average: 2725.664333333333,Cutoff: 2 Mode: diffusion Landscape: grass Size: 600
2827.929,2720.197,2756.479,2808.451,2749.247,Average: 2771.392333333333,Cutoff: 4 Mode: diffusion Landscape: grass Size: 600
2758.143,2641.535,2596.283,2702.093,2506.0,Average: 2601.4586666666664,Cutoff: 5 Mode: diffusion Landscape: grass Size: 600
2570.322,2629.161,2468.047,2569.038,2771.888,Average: 2602.991,Cutoff: 10 Mode: diffusion Landscape: grass Size: 600
2554.277,2537.846,2513.209,2660.031,2142.105,Average: 2438.4483333333333,Cutoff: 20 Mode: diffusion Landscape: grass Size: 600
