275.887,352.284,252.404,334.676,260.154,Average: 282.41133333333335,Mode: wildfire Landscape: mixed Size: 40
124.776,123.981,140.506,109.766,111.824,Average: 120.69866666666667,Mode: diffusion Landscape: mixed Size: 40
290.454,217.51,210.178,246.62,241.753,Average: 232.85033333333334,Mode: wildfire Landscape: grass Size: 40
118.678,91.51,98.098,128.844,141.897,Average: 122.94633333333333,Mode: diffusion Landscape: grass Size: 40
472.479,409.603,431.452,420.372,497.514,Average: 449.77933333333334,Mode: wildfire Landscape: mixed Size: 80
230.719,274.334,262.824,330.03,288.547,Average: 293.80033333333336,Mode: diffusion Landscape: mixed Size: 80
563.39,495.827,555.785,483.079,530.974,Average: 523.2793333333334,Mode: wildfire Landscape: grass Size: 80
379.445,267.682,245.146,217.436,247.801,Average: 236.79433333333333,Mode: diffusion Landscape: grass Size: 80
1393.729,1472.587,1570.591,1363.359,1301.919,Average: 1411.9563333333333,Mode: wildfire Landscape: mixed Size: 120
578.672,451.655,432.695,572.997,540.607,Average: 515.433,Mode: diffusion Landscape: mixed Size: 120
1229.546,1051.446,1217.195,1486.919,1397.897,Average: 1367.337,Mode: wildfire Landscape: grass Size: 120
315.304,301.557,325.428,245.32,350.582,Average: 307.11,Mode: diffusion Landscape: grass Size: 120
1648.898,1642.892,1824.077,1855.657,1711.412,Average: 1797.0486666666666,Mode: wildfire Landscape: mixed Size: 160
421.509,456.495,442.395,500.203,409.091,Average: 450.563,Mode: diffusion Landscape: mixed Size: 160
2318.797,2279.046,2451.171,2474.297,2295.762,Average: 2407.076666666667,Mode: wildfire Landscape: grass Size: 160
402.854,395.236,432.028,398.976,408.937,Average: 413.3136666666667,Mode: diffusion Landscape: grass Size: 160
2814.126,3010.373,3075.844,2963.325,2816.036,Average: 2951.735,Mode: wildfire Landscape: mixed Size: 200
497.397,464.505,488.439,475.711,488.323,Average: 484.15766666666667,Mode: diffusion Landscape: mixed Size: 200
3945.535,4461.51,4075.732,3970.756,4055.821,Average: 4034.103,Mode: wildfire Landscape: grass Size: 200
464.382,413.287,408.144,505.968,475.46,Average: 463.1906666666667,Mode: diffusion Landscape: grass Size: 200
4315.331,4197.404,4500.792,4441.511,4379.222,Average: 4440.508333333333,Mode: wildfire Landscape: mixed Size: 240
507.325,591.297,574.563,522.27,596.196,Average: 564.343,Mode: diffusion Landscape: mixed Size: 240
6694.167,6881.278,7114.858,7163.722,6799.64,Average: 7026.073333333334,Mode: wildfire Landscape: grass Size: 240
670.293,541.211,668.058,632.536,672.737,Average: 657.7769999999999,Mode: diffusion Landscape: grass Size: 240
6448.663,6198.446,6477.126,5849.863,6132.878,Average: 6153.289,Mode: wildfire Landscape: mixed Size: 280
907.142,854.765,776.121,860.159,995.121,Average: 877.1336666666666,Mode: diffusion Landscape: mixed Size: 280
11628.696,10112.241,10578.591,10050.679,10390.071,Average: 10339.780333333334,Mode: wildfire Landscape: grass Size: 280
675.444,744.912,683.796,960.873,628.76,Average: 757.8096666666667,Mode: diffusion Landscape: grass Size: 280
9393.784,10002.255,9651.105,8885.262,9683.056,Average: 9406.474333333334,Mode: wildfire Landscape: mixed Size: 320
975.469,1120.433,1076.894,1072.476,1106.165,Average: 1085.1783333333333,Mode: diffusion Landscape: mixed Size: 320
17017.575,17949.069,16991.71,15956.779,16994.17,Average: 16647.553,Mode: wildfire Landscape: grass Size: 320
847.813,842.655,865.516,829.574,902.054,Average: 865.7146666666666,Mode: diffusion Landscape: grass Size: 320
14074.004,12649.3,12966.08,13091.006,14414.642,Average: 13490.576,Mode: wildfire Landscape: mixed Size: 360
1626.464,1274.381,1380.308,1646.061,1271.197,Average: 1432.522,Mode: diffusion Landscape: mixed Size: 360
27972.25,24721.168,23895.472,23503.048,25010.45,Average: 24136.323333333334,Mode: wildfire Landscape: grass Size: 360
1058.932,1153.592,1189.376,1164.528,1301.915,Average: 1218.6063333333334,Mode: diffusion Landscape: grass Size: 360
27753.964,24893.427,21777.783,25334.137,20838.282,Average: 22650.067333333332,Mode: wildfire Landscape: mixed Size: 400
1402.056,1189.734,1387.025,1372.308,1183.927,Average: 1314.42,Mode: diffusion Landscape: mixed Size: 400
38258.569,37285.715,35519.673,33908.094,30384.408,Average: 33270.725,Mode: wildfire Landscape: grass Size: 400
1262.651,1272.483,1243.218,1124.03,1100.344,Average: 1155.864,Mode: diffusion Landscape: grass Size: 400
20723.639,25127.332,22361.735,22902.97,21884.9,Average: 22383.201666666668,Mode: wildfire Landscape: mixed Size: 440
1217.923,1228.037,1362.634,1299.504,1296.022,Average: 1319.3866666666665,Mode: diffusion Landscape: mixed Size: 440
41982.893,40660.769,42586.418,39847.389,42253.193,Average: 41562.333333333336,Mode: wildfire Landscape: grass Size: 440
1237.731,1293.896,1207.715,1239.882,1304.5,Average: 1250.699,Mode: diffusion Landscape: grass Size: 440
26025.926,26689.432,26650.58,28027.172,29059.446,Average: 27912.399333333335,Mode: wildfire Landscape: mixed Size: 480
1870.762,1931.812,2033.719,1932.268,1891.03,Average: 1952.339,Mode: diffusion Landscape: mixed Size: 480
55627.593,56127.8,52973.133,51591.84,54810.497,Average: 53125.15666666667,Mode: wildfire Landscape: grass Size: 480
1256.585,1306.043,1289.413,1253.489,1321.425,Average: 1288.109,Mode: diffusion Landscape: grass Size: 480
30591.018,30963.001,32073.722,32072.376,31707.075,Average: 31951.057666666668,Mode: wildfire Landscape: mixed Size: 520
2007.633,1987.967,1990.608,1968.357,1944.307,Average: 1967.7573333333332,Mode: diffusion Landscape: mixed Size: 520
58438.133,64390.718,63607.55,60204.177,59816.0,Average: 61209.242333333335,Mode: wildfire Landscape: grass Size: 520
1756.009,1651.527,1575.611,1728.437,1637.276,Average: 1647.108,Mode: diffusion Landscape: grass Size: 520
47992.214,46089.144,51104.427,45410.251,48765.395,Average: 48426.691,Mode: wildfire Landscape: mixed Size: 560
967.747,970.719,968.561,978.525,981.991,Average: 976.359,Mode: diffusion Landscape: mixed Size: 560
41338.453,41593.478,40591.828,42527.495,42871.431,Average: 41996.918,Mode: wildfire Landscape: grass Size: 560
2000.19,1930.197,1978.407,1839.507,2034.042,Average: 1950.652,Mode: diffusion Landscape: grass Size: 560
53195.815,49017.541,51990.771,48303.455,49239.876,Average: 49844.700666666664,Mode: wildfire Landscape: mixed Size: 600
2084.987,2139.715,2120.819,1993.838,2072.366,Average: 2062.341,Mode: diffusion Landscape: mixed Size: 600
95105.812,96904.736,100556.533,100258.044,98959.373,Average: 99924.65,Mode: wildfire Landscape: grass Size: 600
2084.85,2166.705,2140.62,2224.726,2029.133,Average: 2131.493,Mode: diffusion Landscape: grass Size: 600
